timestamp,latitude,longitude,speed_kmh,event
2026-06-19T22:24:14.000Z,-40.254312,-73.274113,0,
2026-06-19T22:26:15.000Z,-40.254312,-73.274113,0,
2026-06-19T22:27:15.000Z,-40.254312,-73.274113,0,
2026-06-19T22:28:15.000Z,-40.254312,-73.274113,0,
2026-06-19T22:29:16.000Z,-40.254312,-73.274113,0,
2026-06-19T22:30:15.000Z,-40.254312,-73.274113,0,
2026-06-19T22:31:15.000Z,-40.254312,-73.274113,0,
2026-06-19T22:32:16.000Z,-40.254312,-73.274113,0,
2026-06-19T22:33:16.000Z,-40.254312,-73.274113,0,
2026-06-19T22:34:16.000Z,-40.254312,-73.274113,0,
2026-06-19T22:35:16.000Z,-40.254312,-73.274113,0,
2026-06-19T22:36:05.000Z,-40.254285,-73.273993,7,
2026-06-19T22:36:21.000Z,-40.254208,-73.273507,8,
2026-06-19T22:36:29.000Z,-40.254068,-73.273342,11,
2026-06-19T22:36:43.000Z,-40.253608,-73.273597,15,
2026-06-19T22:36:59.000Z,-40.253205,-73.274368,16,
2026-06-19T22:37:07.000Z,-40.252878,-73.2745,16,
2026-06-19T22:37:17.000Z,-40.252467,-73.274347,19,
2026-06-19T22:37:26.000Z,-40.252082,-73.274345,12,
2026-06-19T22:37:39.000Z,-40.251807,-73.274695,9,
2026-06-19T22:37:48.000Z,-40.251578,-73.274917,11,
2026-06-19T22:37:56.000Z,-40.25138,-73.27513,8,
2026-06-19T22:38:11.000Z,-40.251343,-73.275527,6,
2026-06-19T22:38:22.000Z,-40.251132,-73.275782,7,
2026-06-19T22:38:38.000Z,-40.250723,-73.275833,7,
2026-06-19T22:38:46.000Z,-40.250538,-73.275987,9,
2026-06-19T22:39:13.000Z,-40.250238,-73.276822,8,
2026-06-19T22:39:21.000Z,-40.250113,-73.276938,10,
2026-06-19T22:39:29.000Z,-40.2498,-73.276848,20,
2026-06-19T22:39:41.000Z,-40.249065,-73.276935,26,
2026-06-19T22:39:56.000Z,-40.248187,-73.276403,20,
2026-06-19T22:40:15.000Z,-40.247527,-73.2759,14,
2026-06-19T22:40:28.000Z,-40.247468,-73.275313,16,
2026-06-19T22:40:39.000Z,-40.247082,-73.274778,21,
2026-06-19T22:40:51.000Z,-40.247345,-73.274017,24,
2026-06-19T22:40:59.000Z,-40.247377,-73.273378,24,
2026-06-19T22:41:09.000Z,-40.24688,-73.272953,25,
2026-06-19T22:41:18.000Z,-40.246393,-73.272657,25,
2026-06-19T22:41:26.000Z,-40.24613,-73.272267,12,
2026-06-19T22:41:34.000Z,-40.24582,-73.272282,16,
2026-06-19T22:41:43.000Z,-40.245467,-73.272682,22,
2026-06-19T22:41:51.000Z,-40.245113,-73.272882,11,
2026-06-19T22:42:01.000Z,-40.244943,-73.273082,0,
2026-06-19T22:43:02.000Z,-40.24494,-73.273087,0,
2026-06-19T22:44:02.000Z,-40.24494,-73.273087,0,
2026-06-19T22:45:02.000Z,-40.24494,-73.273087,0,
2026-06-19T22:46:02.000Z,-40.24494,-73.273087,0,
2026-06-19T22:48:02.000Z,-40.24494,-73.273087,0,
2026-06-19T22:50:03.000Z,-40.24494,-73.273087,0,
2026-06-19T22:53:03.000Z,-40.24494,-73.273087,0,
2026-06-19T22:55:03.000Z,-40.24494,-73.273087,0,
2026-06-19T22:55:03.000Z,-40.24494,-73.273087,0,
2026-06-19T22:57:03.000Z,-40.24494,-73.273087,0,
2026-06-19T22:58:03.000Z,-40.24494,-73.273087,0,
2026-06-19T22:59:03.000Z,-40.24494,-73.273087,0,
2026-06-19T23:00:04.000Z,-40.24494,-73.273087,0,
2026-06-19T23:01:04.000Z,-40.24494,-73.273087,0,
2026-06-19T23:01:13.000Z,-40.244907,-73.273097,6,
2026-06-19T23:01:21.000Z,-40.244832,-73.272955,6,
2026-06-19T23:01:29.000Z,-40.244608,-73.272938,14,
2026-06-19T23:01:37.000Z,-40.244332,-73.273125,15,
2026-06-19T23:01:45.000Z,-40.24416,-73.272928,10,
2026-06-19T23:01:57.000Z,-40.243863,-73.272627,13,
2026-06-19T23:02:05.000Z,-40.243893,-73.272137,20,
2026-06-19T23:02:13.000Z,-40.243672,-73.271645,19,
2026-06-19T23:02:22.000Z,-40.243328,-73.271822,20,
2026-06-19T23:02:30.000Z,-40.243088,-73.272002,15,
2026-06-19T23:02:38.000Z,-40.242838,-73.271733,17,
2026-06-19T23:02:46.000Z,-40.242613,-73.271413,17,
2026-06-19T23:02:54.000Z,-40.24244,-73.271018,14,
2026-06-19T23:03:03.000Z,-40.242025,-73.271165,17,
2026-06-19T23:03:11.000Z,-40.241692,-73.271243,13,
2026-06-19T23:03:19.000Z,-40.241398,-73.27109,11,
2026-06-19T23:03:27.000Z,-40.241517,-73.270702,19,
2026-06-19T23:03:37.000Z,-40.24197,-73.270402,23,
2026-06-19T23:03:46.000Z,-40.242072,-73.269842,13,
2026-06-19T23:03:56.000Z,-40.241763,-73.269505,16,
2026-06-19T23:04:04.000Z,-40.241595,-73.269212,13,
2026-06-19T23:04:12.000Z,-40.24189,-73.268875,19,
2026-06-19T23:04:20.000Z,-40.241888,-73.268435,12,
2026-06-19T23:04:28.000Z,-40.242242,-73.268253,18,
2026-06-19T23:04:38.000Z,-40.242552,-73.267673,24,
2026-06-19T23:04:49.000Z,-40.242442,-73.266808,20,
2026-06-19T23:04:58.000Z,-40.24263,-73.266268,20,
2026-06-19T23:05:12.000Z,-40.242523,-73.265147,27,
2026-06-19T23:05:22.000Z,-40.242688,-73.264402,25,
2026-06-19T23:05:30.000Z,-40.242498,-73.264028,18,
2026-06-19T23:05:39.000Z,-40.24205,-73.264335,24,
2026-06-19T23:05:39.000Z,-40.24205,-73.264335,24,
2026-06-19T23:05:42.000Z,-40.241913,-73.264523,22,
2026-06-19T23:05:50.000Z,-40.241562,-73.264695,21,
2026-06-19T23:06:00.000Z,-40.24099,-73.264488,20,
2026-06-19T23:06:09.000Z,-40.240612,-73.263965,23,
2026-06-19T23:06:21.000Z,-40.240197,-73.263597,13,
2026-06-19T23:06:32.000Z,-40.239773,-73.263445,14,
2026-06-19T23:06:43.000Z,-40.239695,-73.262882,28,
2026-06-19T23:06:52.000Z,-40.239665,-73.261998,28,
2026-06-19T23:07:10.000Z,-40.238738,-73.260802,30,
2026-06-19T23:07:22.000Z,-40.238098,-73.261058,32,
2026-06-19T23:07:31.000Z,-40.237518,-73.261397,26,
2026-06-19T23:07:41.000Z,-40.236858,-73.2615,18,
2026-06-19T23:07:50.000Z,-40.236637,-73.261345,9,
2026-06-19T23:07:58.000Z,-40.236542,-73.261158,7,
2026-06-19T23:08:08.000Z,-40.236458,-73.260778,12,
2026-06-19T23:08:20.000Z,-40.236362,-73.260132,21,
2026-06-19T23:08:29.000Z,-40.235903,-73.259607,29,
2026-06-19T23:08:37.000Z,-40.235842,-73.25904,16,
2026-06-19T23:08:45.000Z,-40.235607,-73.25867,18,
2026-06-19T23:09:11.000Z,-40.234228,-73.258647,20,
2026-06-19T23:09:26.000Z,-40.233178,-73.258512,29,
2026-06-19T23:09:34.000Z,-40.232572,-73.258333,30,
2026-06-19T23:09:43.000Z,-40.23222,-73.2577,25,
2026-06-19T23:09:54.000Z,-40.232268,-73.256802,19,
2026-06-19T23:10:11.000Z,-40.232158,-73.255618,23,
2026-06-19T23:10:20.000Z,-40.23225,-73.255042,19,
2026-06-19T23:10:35.000Z,-40.232828,-73.254088,33,
2026-06-19T23:10:47.000Z,-40.233402,-73.253105,22,
2026-06-19T23:11:06.000Z,-40.23395,-73.252052,19,
2026-06-19T23:11:15.000Z,-40.234127,-73.2514,14,
2026-06-19T23:11:37.000Z,-40.234042,-73.250425,14,
2026-06-19T23:11:45.000Z,-40.234048,-73.25006,12,
2026-06-19T23:11:58.000Z,-40.234157,-73.249415,17,
2026-06-19T23:12:06.000Z,-40.234203,-73.249013,13,
2026-06-19T23:12:15.000Z,-40.234372,-73.24849,22,
2026-06-19T23:12:25.000Z,-40.234832,-73.247885,21,
2026-06-19T23:13:31.000Z,-40.235042,-73.247458,0,
2026-06-19T23:14:24.000Z,-40.235082,-73.24741,8,
2026-06-19T23:14:32.000Z,-40.235182,-73.247163,13,
2026-06-19T23:14:54.000Z,-40.235103,-73.2457,24,
2026-06-19T23:15:09.000Z,-40.235105,-73.244325,26,
2026-06-19T23:15:21.000Z,-40.235235,-73.243337,23,
2026-06-19T23:15:33.000Z,-40.234622,-73.242788,28,
2026-06-19T23:15:42.000Z,-40.234292,-73.24215,25,
2026-06-19T23:15:56.000Z,-40.23429,-73.240893,24,
2026-06-19T23:16:04.000Z,-40.234337,-73.240327,22,
2026-06-19T23:16:12.000Z,-40.23435,-73.239837,12,
2026-06-19T23:16:22.000Z,-40.234297,-73.239448,12,
2026-06-19T23:16:30.000Z,-40.234258,-73.239105,11,
2026-06-19T23:16:38.000Z,-40.23427,-73.238817,9,
2026-06-19T23:16:46.000Z,-40.234265,-73.23853,10,
2026-06-19T23:16:54.000Z,-40.234212,-73.238213,12,
2026-06-19T23:17:02.000Z,-40.234215,-73.237845,13,
2026-06-19T23:17:16.000Z,-40.234327,-73.237218,11,
2026-06-19T23:17:26.000Z,-40.234432,-73.236858,11,
2026-06-19T23:17:35.000Z,-40.234523,-73.236537,12,
2026-06-19T23:17:43.000Z,-40.23462,-73.236205,12,
2026-06-19T23:18:01.000Z,-40.234858,-73.23518,17,
2026-06-19T23:18:10.000Z,-40.234822,-73.234733,16,
2026-06-19T23:18:18.000Z,-40.234873,-73.234448,6,
2026-06-19T23:18:36.000Z,-40.23507,-73.23372,10,
2026-06-19T23:18:44.000Z,-40.235262,-73.233397,16,
2026-06-19T23:18:54.000Z,-40.23555,-73.23316,6,
2026-06-19T23:18:59.000Z,-40.235643,-73.233113,8,
2026-06-19T23:19:13.000Z,-40.235982,-73.23268,7,
2026-06-19T23:19:43.000Z,-40.236202,-73.231877,7,
2026-06-19T23:19:52.000Z,-40.236315,-73.231442,8,
2026-06-19T23:20:04.000Z,-40.236257,-73.230942,6,
2026-06-19T23:20:14.000Z,-40.236225,-73.230623,7,
2026-06-19T23:20:45.000Z,-40.235895,-73.229928,8,
2026-06-19T23:20:54.000Z,-40.235713,-73.22965,9,
2026-06-19T23:21:02.000Z,-40.235485,-73.229352,12,
2026-06-19T23:21:20.000Z,-40.23514,-73.228128,13,
2026-06-19T23:21:29.000Z,-40.235177,-73.227742,11,
2026-06-19T23:21:44.000Z,-40.235573,-73.227357,8,
2026-06-19T23:21:53.000Z,-40.235717,-73.22696,13,
2026-06-19T23:22:11.000Z,-40.235575,-73.226165,13,
2026-06-19T23:22:19.000Z,-40.235505,-73.22576,13,
2026-06-19T23:22:27.000Z,-40.235243,-73.22563,17,
2026-06-19T23:22:35.000Z,-40.234945,-73.22573,11,
2026-06-19T23:22:47.000Z,-40.234608,-73.225767,11,
2026-06-19T23:23:01.000Z,-40.234265,-73.225708,9,
2026-06-19T23:23:11.000Z,-40.233978,-73.225683,9,
2026-06-19T23:23:19.000Z,-40.23377,-73.225575,12,
2026-06-19T23:23:28.000Z,-40.233505,-73.22555,10,
2026-06-19T23:23:36.000Z,-40.233183,-73.225645,20,
2026-06-19T23:23:45.000Z,-40.23262,-73.225832,27,
2026-06-19T23:24:00.000Z,-40.2315,-73.225905,29,
2026-06-19T23:24:10.000Z,-40.230817,-73.225938,19,
2026-06-19T23:24:28.000Z,-40.229767,-73.22602,25,
2026-06-19T23:24:47.000Z,-40.22867,-73.226557,21,
2026-06-19T23:25:00.000Z,-40.228065,-73.227258,21,
2026-06-19T23:25:05.000Z,-40.227835,-73.227348,19,
2026-06-19T23:25:14.000Z,-40.227648,-73.226952,19,
2026-06-19T23:25:31.000Z,-40.227477,-73.225518,26,
2026-06-19T23:25:41.000Z,-40.227373,-73.224722,15,
2026-06-19T23:25:49.000Z,-40.227212,-73.22453,6,
2026-06-19T23:26:10.000Z,-40.22648,-73.224942,22,
2026-06-19T23:26:28.000Z,-40.22546,-73.225607,29,
2026-06-19T23:26:43.000Z,-40.224443,-73.226295,25,
2026-06-19T23:26:51.000Z,-40.22405,-73.226417,17,
2026-06-19T23:27:03.000Z,-40.223608,-73.225807,18,
2026-06-19T23:27:11.000Z,-40.223505,-73.225518,8,
2026-06-19T23:27:23.000Z,-40.2236,-73.225103,15,
2026-06-19T23:27:31.000Z,-40.223647,-73.22459,25,
2026-06-19T23:27:48.000Z,-40.224132,-73.223277,21,
2026-06-19T23:28:05.000Z,-40.223445,-73.221948,26,
2026-06-19T23:28:14.000Z,-40.223215,-73.221272,21,
2026-06-19T23:28:24.000Z,-40.223103,-73.22063,23,
2026-06-19T23:28:35.000Z,-40.222648,-73.219882,27,
2026-06-19T23:28:44.000Z,-40.222787,-73.219145,23,
2026-06-19T23:29:00.000Z,-40.223547,-73.218577,22,
2026-06-19T23:29:17.000Z,-40.2245,-73.218395,18,
2026-06-19T23:29:31.000Z,-40.2253,-73.218277,22,
2026-06-19T23:29:51.000Z,-40.226182,-73.216988,32,
2026-06-19T23:30:00.000Z,-40.226615,-73.216302,26,
2026-06-19T23:30:08.000Z,-40.226958,-73.215723,31,
2026-06-19T23:30:22.000Z,-40.227492,-73.214493,28,
2026-06-19T23:30:30.000Z,-40.227725,-73.21378,30,
2026-06-19T23:30:45.000Z,-40.227445,-73.212413,29,
2026-06-19T23:30:53.000Z,-40.227267,-73.211622,31,
2026-06-19T23:31:10.000Z,-40.22734,-73.209947,33,
2026-06-19T23:31:22.000Z,-40.227507,-73.208445,35,
2026-06-19T23:31:33.000Z,-40.22786,-73.207047,46,
2026-06-19T23:31:43.000Z,-40.228202,-73.205677,39,
2026-06-19T23:31:51.000Z,-40.228438,-73.204687,38,
2026-06-19T23:32:02.000Z,-40.229122,-73.203688,30,
2026-06-19T23:32:18.000Z,-40.228802,-73.201642,38,
2026-06-19T23:32:29.000Z,-40.228555,-73.200573,29,
2026-06-19T23:32:37.000Z,-40.228752,-73.199888,31,
2026-06-19T23:32:45.000Z,-40.229428,-73.19968,30,
2026-06-19T23:32:57.000Z,-40.230432,-73.199357,30,
2026-06-19T23:33:07.000Z,-40.231003,-73.198965,18,
2026-06-19T23:33:21.000Z,-40.231503,-73.198192,23,
2026-06-19T23:33:29.000Z,-40.232158,-73.197845,41,
2026-06-19T23:33:44.000Z,-40.233332,-73.196925,42,
2026-06-19T23:33:55.000Z,-40.234505,-73.196227,42,
2026-06-19T23:34:09.000Z,-40.23582,-73.195023,43,
2026-06-19T23:34:18.000Z,-40.236682,-73.194303,42,
2026-06-19T23:34:30.000Z,-40.238032,-73.193927,46,
2026-06-19T23:34:39.000Z,-40.23895,-73.193397,36,
2026-06-19T23:34:49.000Z,-40.239943,-73.193085,45,
2026-06-19T23:35:02.000Z,-40.241638,-73.192047,51,
2026-06-19T23:35:11.000Z,-40.242528,-73.191395,44,
2026-06-19T23:35:20.000Z,-40.243413,-73.190493,51,
2026-06-19T23:35:29.000Z,-40.244297,-73.189513,50,
2026-06-19T23:35:38.000Z,-40.24516,-73.188567,52,
2026-06-19T23:35:52.000Z,-40.24646,-73.187158,47,
2026-06-19T23:36:04.000Z,-40.247033,-73.185238,53,
2026-06-19T23:36:13.000Z,-40.247372,-73.18377,51,
2026-06-19T23:36:22.000Z,-40.247707,-73.182308,51,
2026-06-19T23:36:31.000Z,-40.24801,-73.180817,53,
2026-06-19T23:36:40.000Z,-40.248372,-73.1793,53,
2026-06-19T23:36:49.000Z,-40.24871,-73.177795,53,
2026-06-19T23:36:57.000Z,-40.24905,-73.17645,54,
2026-06-19T23:37:10.000Z,-40.249803,-73.17444,55,
2026-06-19T23:37:18.000Z,-40.25034,-73.173295,45,
2026-06-19T23:37:28.000Z,-40.250952,-73.171973,49,
2026-06-19T23:37:38.000Z,-40.251563,-73.170638,42,
2026-06-19T23:37:48.000Z,-40.252162,-73.16932,47,
2026-06-19T23:37:57.000Z,-40.25279,-73.16802,50,
2026-06-19T23:38:07.000Z,-40.253317,-73.166907,30,
2026-06-19T23:38:15.000Z,-40.25366,-73.166108,40,
2026-06-19T23:38:32.000Z,-40.253955,-73.163573,49,
2026-06-19T23:38:41.000Z,-40.253985,-73.1619,50,
2026-06-19T23:38:50.000Z,-40.254078,-73.160702,29,
2026-06-19T23:38:58.000Z,-40.254198,-73.160057,24,
2026-06-19T23:39:14.000Z,-40.254512,-73.159043,18,
2026-06-19T23:39:24.000Z,-40.254708,-73.158283,34,
2026-06-19T23:39:38.000Z,-40.255385,-73.156258,53,
2026-06-19T23:39:46.000Z,-40.255653,-73.155243,32,
2026-06-19T23:39:59.000Z,-40.255908,-73.154085,34,
2026-06-19T23:40:13.000Z,-40.256392,-73.152263,34,
2026-06-19T23:40:22.000Z,-40.256753,-73.151437,23,
2026-06-19T23:40:33.000Z,-40.257212,-73.150643,38,
2026-06-19T23:40:44.000Z,-40.258203,-73.149487,53,
2026-06-19T23:40:56.000Z,-40.258797,-73.147592,51,
2026-06-19T23:41:04.000Z,-40.259263,-73.146372,54,
2026-06-19T23:41:13.000Z,-40.259818,-73.144973,53,
2026-06-19T23:41:26.000Z,-40.260085,-73.143098,46,
2026-06-19T23:41:35.000Z,-40.260195,-73.141628,49,
2026-06-19T23:41:45.000Z,-40.260288,-73.140115,44,
2026-06-19T23:41:55.000Z,-40.2604,-73.13858,36,
2026-06-19T23:42:04.000Z,-40.26049,-73.137672,26,
2026-06-19T23:42:13.000Z,-40.26059,-73.136695,38,
2026-06-19T23:42:21.000Z,-40.26085,-73.135755,36,
2026-06-19T23:42:34.000Z,-40.261537,-73.134652,31,
2026-06-19T23:42:49.000Z,-40.262532,-73.132978,42,
2026-06-19T23:43:06.000Z,-40.263372,-73.130723,47,
2026-06-19T23:43:15.000Z,-40.263787,-73.129402,49,
2026-06-19T23:43:24.000Z,-40.264173,-73.128062,48,
2026-06-19T23:43:34.000Z,-40.264575,-73.126652,44,
2026-06-19T23:43:44.000Z,-40.264978,-73.125323,38,
2026-06-19T23:44:01.000Z,-40.266262,-73.123732,44,
2026-06-19T23:44:09.000Z,-40.266942,-73.122862,49,
2026-06-19T23:44:22.000Z,-40.267702,-73.120868,52,
2026-06-19T23:44:31.000Z,-40.268217,-73.119308,50,
2026-06-19T23:44:41.000Z,-40.268712,-73.118023,48,
2026-06-19T23:44:50.000Z,-40.269242,-73.116655,51,
2026-06-19T23:44:59.000Z,-40.269753,-73.11525,53,
2026-06-19T23:45:08.000Z,-40.27039,-73.113945,52,
2026-06-19T23:45:24.000Z,-40.271882,-73.112077,52,
2026-06-19T23:45:33.000Z,-40.272777,-73.110997,54,
2026-06-19T23:45:41.000Z,-40.273542,-73.109972,51,
2026-06-19T23:45:51.000Z,-40.274357,-73.108837,47,
2026-06-19T23:46:03.000Z,-40.27569,-73.108035,45,
2026-06-19T23:46:13.000Z,-40.276812,-73.107558,48,
2026-06-19T23:46:23.000Z,-40.277967,-73.107155,43,
2026-06-19T23:46:31.000Z,-40.27889,-73.107095,43,
2026-06-19T23:46:41.000Z,-40.279947,-73.107412,43,
2026-06-19T23:46:50.000Z,-40.281047,-73.107577,46,
2026-06-19T23:46:59.000Z,-40.282137,-73.107575,46,
2026-06-19T23:47:13.000Z,-40.283763,-73.107012,48,
2026-06-19T23:47:23.000Z,-40.284858,-73.106152,50,
2026-06-19T23:47:32.000Z,-40.285757,-73.105275,49,
2026-06-19T23:47:45.000Z,-40.286655,-73.103515,49,
2026-06-19T23:47:54.000Z,-40.287218,-73.102218,51,
2026-06-19T23:48:03.000Z,-40.287813,-73.100902,51,
2026-06-19T23:48:12.000Z,-40.28839,-73.099538,55,
2026-06-19T23:48:20.000Z,-40.288932,-73.098293,52,
2026-06-19T23:48:29.000Z,-40.289523,-73.097033,49,
2026-06-19T23:48:45.000Z,-40.290947,-73.09531,46,
2026-06-19T23:48:55.000Z,-40.291807,-73.094332,44,
2026-06-19T23:49:05.000Z,-40.292563,-73.093168,46,
2026-06-19T23:49:15.000Z,-40.293297,-73.09196,41,
2026-06-19T23:49:26.000Z,-40.293933,-73.0908,37,
2026-06-19T23:49:39.000Z,-40.294598,-73.089653,31,
2026-06-19T23:49:51.000Z,-40.29531,-73.088513,34,
2026-06-19T23:50:06.000Z,-40.295895,-73.086905,28,
2026-06-19T23:50:15.000Z,-40.296072,-73.086328,18,
2026-06-19T23:50:27.000Z,-40.296243,-73.085568,21,
2026-06-19T23:50:35.000Z,-40.296328,-73.085123,8,
2026-06-19T23:50:43.000Z,-40.296457,-73.085045,12,
2026-06-19T23:50:58.000Z,-40.297193,-73.085375,29,
2026-06-19T23:51:12.000Z,-40.298257,-73.085742,34,
2026-06-19T23:51:25.000Z,-40.299247,-73.086165,24,
2026-06-19T23:51:45.000Z,-40.299967,-73.086423,21,
2026-06-19T23:51:56.000Z,-40.30053,-73.086668,8,
2026-06-19T23:52:37.000Z,-40.300937,-73.085508,0,
2026-06-19T23:52:46.000Z,-40.300972,-73.08548,6,
2026-06-19T23:52:54.000Z,-40.301197,-73.085577,18,
2026-06-19T23:53:15.000Z,-40.302663,-73.086205,30,
2026-06-19T23:53:23.000Z,-40.303247,-73.086267,24,
2026-06-19T23:53:44.000Z,-40.304127,-73.084527,35,
2026-06-19T23:53:57.000Z,-40.304712,-73.08333,30,
2026-06-19T23:54:11.000Z,-40.305487,-73.082418,23,
2026-06-19T23:54:30.000Z,-40.305068,-73.080577,36,
2026-06-19T23:54:38.000Z,-40.304747,-73.079712,37,
2026-06-19T23:54:48.000Z,-40.304258,-73.07881,27,
2026-06-19T23:55:01.000Z,-40.303465,-73.078417,24,
2026-06-19T23:55:15.000Z,-40.302543,-73.077522,31,
2026-06-19T23:55:24.000Z,-40.302118,-73.076912,20,
2026-06-19T23:55:41.000Z,-40.301632,-73.076252,19,
2026-06-19T23:55:52.000Z,-40.30175,-73.075845,21,
2026-06-19T23:56:00.000Z,-40.302033,-73.075253,32,
2026-06-19T23:56:16.000Z,-40.30289,-73.073493,34,
2026-06-19T23:56:26.000Z,-40.303292,-73.07265,23,
2026-06-19T23:56:38.000Z,-40.30378,-73.072033,22,
2026-06-19T23:56:56.000Z,-40.304712,-73.071308,24,
2026-06-19T23:57:07.000Z,-40.305272,-73.070782,24,
2026-06-19T23:57:18.000Z,-40.3058,-73.070107,23,
2026-06-19T23:57:28.000Z,-40.306145,-73.069363,24,
2026-06-19T23:57:44.000Z,-40.306558,-73.068008,27,
2026-06-19T23:57:52.000Z,-40.306652,-73.067132,35,
2026-06-19T23:58:03.000Z,-40.306618,-73.065662,42,
2026-06-19T23:58:13.000Z,-40.306548,-73.064218,44,
2026-06-19T23:58:23.000Z,-40.306492,-73.06272,46,
2026-06-19T23:58:33.000Z,-40.30643,-73.061232,44,
2026-06-19T23:58:43.000Z,-40.306403,-73.059728,43,
2026-06-19T23:58:53.000Z,-40.306295,-73.058233,45,
2026-06-19T23:59:03.000Z,-40.306227,-73.056725,43,
2026-06-19T23:59:13.000Z,-40.30613,-73.055173,54,
2026-06-19T23:59:21.000Z,-40.305995,-73.053693,57,
2026-06-19T23:59:30.000Z,-40.306008,-73.052078,55,
2026-06-19T23:59:38.000Z,-40.306453,-73.050712,55,
2026-06-19T23:59:46.000Z,-40.306948,-73.049243,63,
2026-06-20T00:00:00.000Z,-40.307895,-73.046385,69,
2026-06-20T00:00:14.000Z,-40.308883,-73.043467,69,
2026-06-20T00:00:27.000Z,-40.30979,-73.040683,72,
2026-06-20T00:00:40.000Z,-40.310722,-73.037858,71,
2026-06-20T00:00:53.000Z,-40.311695,-73.034853,70,
2026-06-20T00:01:06.000Z,-40.312458,-73.031893,70,
2026-06-20T00:01:20.000Z,-40.313208,-73.028968,72,
2026-06-20T00:01:32.000Z,-40.313917,-73.026217,74,
2026-06-20T00:01:45.000Z,-40.314647,-73.023322,69,
2026-06-20T00:02:00.000Z,-40.315395,-73.02043,54,
2026-06-20T00:02:09.000Z,-40.315763,-73.018943,54,
2026-06-20T00:02:17.000Z,-40.316133,-73.017525,59,
2026-06-20T00:02:25.000Z,-40.31651,-73.015982,64,
2026-06-20T00:02:39.000Z,-40.317152,-73.013308,51,
2026-06-20T00:02:55.000Z,-40.317513,-73.011475,36,
2026-06-20T00:03:07.000Z,-40.317808,-73.010015,37,
2026-06-20T00:03:18.000Z,-40.318155,-73.008565,41,
2026-06-20T00:03:29.000Z,-40.318445,-73.007177,40,
2026-06-20T00:03:39.000Z,-40.31874,-73.005755,47,
2026-06-20T00:03:48.000Z,-40.319043,-73.004392,51,
2026-06-20T00:03:57.000Z,-40.319308,-73.002978,50,
2026-06-20T00:04:11.000Z,-40.319308,-73.000593,51,
2026-06-20T00:04:20.000Z,-40.319288,-72.999097,48,
2026-06-20T00:04:30.000Z,-40.319255,-72.997533,47,
2026-06-20T00:04:39.000Z,-40.319228,-72.99599,52,
2026-06-20T00:04:48.000Z,-40.319202,-72.994542,45,
2026-06-20T00:04:58.000Z,-40.319168,-72.993067,45,
2026-06-20T00:05:08.000Z,-40.319187,-72.99154,46,
2026-06-20T00:05:23.000Z,-40.319693,-72.989305,44,
2026-06-20T00:05:33.000Z,-40.320083,-72.987828,48,
2026-06-20T00:05:43.000Z,-40.320485,-72.98639,40,
2026-06-20T00:05:52.000Z,-40.320768,-72.985358,29,
2026-06-20T00:06:00.000Z,-40.321305,-72.985098,33,
2026-06-20T00:06:08.000Z,-40.321535,-72.985717,28,
2026-06-20T00:06:16.000Z,-40.321168,-72.986125,28,
2026-06-20T00:06:24.000Z,-40.320378,-72.985822,42,
2026-06-20T00:06:33.000Z,-40.319352,-72.985323,45,
2026-06-20T00:06:46.000Z,-40.318138,-72.984677,47,
2026-06-20T00:06:55.000Z,-40.317028,-72.984198,53,
2026-06-20T00:07:03.000Z,-40.315968,-72.983678,56,
2026-06-20T00:07:11.000Z,-40.314808,-72.98309,63,
2026-06-20T00:07:25.000Z,-40.312583,-72.981923,70,
2026-06-20T00:07:39.000Z,-40.310327,-72.980768,66,
2026-06-20T00:07:53.000Z,-40.308125,-72.979663,68,
2026-06-20T00:08:06.000Z,-40.305922,-72.978523,74,
2026-06-20T00:08:19.000Z,-40.303763,-72.977393,66,
2026-06-20T00:08:34.000Z,-40.30155,-72.976262,62,
2026-06-20T00:08:48.000Z,-40.299417,-72.975173,67,
2026-06-20T00:09:02.000Z,-40.297122,-72.974008,72,
2026-06-20T00:09:14.000Z,-40.295053,-72.972938,75,
2026-06-20T00:09:26.000Z,-40.292907,-72.971835,76,
2026-06-20T00:09:40.000Z,-40.290372,-72.97054,78,
2026-06-20T00:09:53.000Z,-40.287927,-72.969278,82,
2026-06-20T00:10:05.000Z,-40.285592,-72.968072,85,
2026-06-20T00:10:16.000Z,-40.283363,-72.966913,87,
2026-06-20T00:10:26.000Z,-40.281317,-72.965825,87,
2026-06-20T00:10:37.000Z,-40.279107,-72.96473,82,
2026-06-20T00:10:49.000Z,-40.276948,-72.963628,73,
2026-06-20T00:11:01.000Z,-40.274882,-72.962575,72,
2026-06-20T00:11:13.000Z,-40.272792,-72.961492,75,
2026-06-20T00:11:25.000Z,-40.27065,-72.96039,77,
2026-06-20T00:11:37.000Z,-40.268413,-72.959242,81,
2026-06-20T00:11:48.000Z,-40.266097,-72.958048,83,
2026-06-20T00:12:01.000Z,-40.263737,-72.956832,85,
2026-06-20T00:12:13.000Z,-40.261368,-72.955607,85,
2026-06-20T00:12:24.000Z,-40.259158,-72.954497,86,
2026-06-20T00:12:34.000Z,-40.257135,-72.95346,86,
2026-06-20T00:12:44.000Z,-40.25509,-72.952417,86,
2026-06-20T00:12:54.000Z,-40.253057,-72.951365,88,
2026-06-20T00:13:05.000Z,-40.250817,-72.950237,86,
2026-06-20T00:13:15.000Z,-40.248783,-72.94919,87,
2026-06-20T00:13:25.000Z,-40.246757,-72.948152,85,
2026-06-20T00:13:36.000Z,-40.24455,-72.947005,85,
2026-06-20T00:13:48.000Z,-40.242148,-72.945777,84,
2026-06-20T00:14:00.000Z,-40.239765,-72.944565,85,
2026-06-20T00:14:12.000Z,-40.237392,-72.943342,84,
2026-06-20T00:14:24.000Z,-40.235092,-72.942157,81,
2026-06-20T00:14:37.000Z,-40.232735,-72.940955,72,
2026-06-20T00:14:51.000Z,-40.230695,-72.939893,54,
2026-06-20T00:15:07.000Z,-40.229117,-72.93899,37,
2026-06-20T00:15:16.000Z,-40.228595,-72.938702,13,
2026-06-20T00:15:48.000Z,-40.22836,-72.938597,7,
2026-06-20T00:16:23.000Z,-40.228197,-72.938478,6,
2026-06-20T00:16:35.000Z,-40.227755,-72.938288,21,
2026-06-20T00:16:43.000Z,-40.227237,-72.938073,31,
2026-06-20T00:16:55.000Z,-40.226177,-72.937585,42,
2026-06-20T00:17:05.000Z,-40.225073,-72.937002,51,
2026-06-20T00:17:21.000Z,-40.222902,-72.935933,60,
2026-06-20T00:17:35.000Z,-40.220762,-72.934815,67,
2026-06-20T00:17:43.000Z,-40.219463,-72.934158,70,
2026-06-20T00:17:56.000Z,-40.217253,-72.933035,73,
2026-06-20T00:18:08.000Z,-40.215143,-72.931953,75,
2026-06-20T00:18:20.000Z,-40.213023,-72.930878,76,
2026-06-20T00:18:32.000Z,-40.210812,-72.929753,80,
2026-06-20T00:18:44.000Z,-40.208508,-72.92857,82,
2026-06-20T00:18:56.000Z,-40.206132,-72.92734,86,
2026-06-20T00:19:06.000Z,-40.204107,-72.926303,86,
2026-06-20T00:19:16.000Z,-40.202065,-72.925272,87,
2026-06-20T00:19:26.000Z,-40.200032,-72.92422,87,
2026-06-20T00:19:36.000Z,-40.19799,-72.923148,87,
2026-06-20T00:19:46.000Z,-40.19595,-72.922142,86,
2026-06-20T00:19:56.000Z,-40.193905,-72.921093,87,
2026-06-20T00:20:17.000Z,-40.189645,-72.918887,84,
2026-06-20T00:20:29.000Z,-40.187515,-72.917305,80,
2026-06-20T00:20:41.000Z,-40.185645,-72.915278,81,
2026-06-20T00:20:53.000Z,-40.183713,-72.913118,85,
2026-06-20T00:21:03.000Z,-40.182055,-72.911267,87,
2026-06-20T00:21:13.000Z,-40.180387,-72.909415,87,
2026-06-20T00:21:23.000Z,-40.178713,-72.907552,87,
2026-06-20T00:21:33.000Z,-40.17708,-72.905672,87,
2026-06-20T00:21:43.000Z,-40.175407,-72.903848,87,
2026-06-20T00:21:53.000Z,-40.173743,-72.901992,87,
2026-06-20T00:22:03.000Z,-40.172085,-72.900152,87,
2026-06-20T00:22:13.000Z,-40.170423,-72.8983,87,
2026-06-20T00:22:24.000Z,-40.168615,-72.896268,85,
2026-06-20T00:22:36.000Z,-40.166727,-72.894142,82,
2026-06-20T00:22:47.000Z,-40.164783,-72.892008,85,
2026-06-20T00:23:00.000Z,-40.16261,-72.890208,85,
2026-06-20T00:23:12.000Z,-40.16025,-72.88886,85,
2026-06-20T00:23:24.000Z,-40.157888,-72.88754,85,
2026-06-20T00:23:36.000Z,-40.15554,-72.886243,84,
2026-06-20T00:23:48.000Z,-40.153188,-72.884902,85,
2026-06-20T00:24:00.000Z,-40.15082,-72.883558,86,
2026-06-20T00:24:10.000Z,-40.148822,-72.882427,86,
2026-06-20T00:24:20.000Z,-40.146815,-72.881293,87,
2026-06-20T00:24:30.000Z,-40.144802,-72.880188,86,
2026-06-20T00:24:41.000Z,-40.142623,-72.87891,87,
2026-06-20T00:24:51.000Z,-40.14063,-72.87776,87,
2026-06-20T00:25:01.000Z,-40.138617,-72.87663,87,
2026-06-20T00:25:11.000Z,-40.1366,-72.875483,86,
2026-06-20T00:25:21.000Z,-40.134572,-72.874387,87,
2026-06-20T00:25:31.000Z,-40.132455,-72.873757,86,
2026-06-20T00:25:41.000Z,-40.130273,-72.873287,87,
2026-06-20T00:25:51.000Z,-40.128107,-72.872815,87,
2026-06-20T00:26:01.000Z,-40.125937,-72.872343,88,
2026-06-20T00:26:11.000Z,-40.123778,-72.87189,87,
2026-06-20T00:26:21.000Z,-40.121612,-72.871437,87,
2026-06-20T00:26:31.000Z,-40.119438,-72.870968,87,
2026-06-20T00:26:42.000Z,-40.117048,-72.87046,88,
2026-06-20T00:26:53.000Z,-40.114663,-72.869952,87,
2026-06-20T00:27:03.000Z,-40.112483,-72.869475,86,
2026-06-20T00:27:15.000Z,-40.109997,-72.868937,84,
2026-06-20T00:27:26.000Z,-40.107658,-72.868458,88,
2026-06-20T00:27:36.000Z,-40.105475,-72.867965,87,
2026-06-20T00:27:46.000Z,-40.103342,-72.867502,86,
2026-06-20T00:27:56.000Z,-40.101193,-72.867057,87,
2026-06-20T00:28:06.000Z,-40.098857,-72.866562,87,
2026-06-20T00:28:18.000Z,-40.096305,-72.866037,85,
2026-06-20T00:28:30.000Z,-40.093995,-72.865548,83,
2026-06-20T00:28:42.000Z,-40.091488,-72.865018,84,
2026-06-20T00:28:53.000Z,-40.08914,-72.864513,87,
2026-06-20T00:29:03.000Z,-40.086982,-72.864058,86,
2026-06-20T00:29:13.000Z,-40.084822,-72.863598,87,
2026-06-20T00:29:23.000Z,-40.08265,-72.863125,87,
2026-06-20T00:29:33.000Z,-40.08049,-72.862665,87,
2026-06-20T00:29:43.000Z,-40.078325,-72.862205,87,
2026-06-20T00:29:53.000Z,-40.076172,-72.861745,87,
2026-06-20T00:30:03.000Z,-40.074003,-72.86129,87,
2026-06-20T00:30:13.000Z,-40.071837,-72.860843,87,
2026-06-20T00:30:23.000Z,-40.069667,-72.860365,87,
2026-06-20T00:30:33.000Z,-40.067505,-72.85991,87,
2026-06-20T00:30:43.000Z,-40.065337,-72.859448,88,
2026-06-20T00:30:53.000Z,-40.063157,-72.858983,87,
2026-06-20T00:31:03.000Z,-40.061007,-72.858537,87,
2026-06-20T00:31:13.000Z,-40.05883,-72.858062,87,
2026-06-20T00:31:23.000Z,-40.05668,-72.857603,87,
2026-06-20T00:31:34.000Z,-40.054305,-72.8571,87,
2026-06-20T00:31:45.000Z,-40.05196,-72.856613,84,
2026-06-20T00:31:57.000Z,-40.049687,-72.856125,72,
2026-06-20T00:32:11.000Z,-40.047377,-72.855592,63,
2026-06-20T00:32:22.000Z,-40.045742,-72.854667,69,
2026-06-20T00:32:35.000Z,-40.043802,-72.852617,84,
2026-06-20T00:32:46.000Z,-40.041977,-72.850608,88,
2026-06-20T00:32:56.000Z,-40.04023,-72.848867,88,
2026-06-20T00:33:07.000Z,-40.038288,-72.847067,86,
2026-06-20T00:33:17.000Z,-40.03651,-72.845418,87,
2026-06-20T00:33:27.000Z,-40.034723,-72.84376,87,
2026-06-20T00:33:37.000Z,-40.032787,-72.841965,83,
2026-06-20T00:33:50.000Z,-40.030788,-72.840097,75,
2026-06-20T00:34:03.000Z,-40.028787,-72.838238,72,
2026-06-20T00:34:16.000Z,-40.026875,-72.836463,69,
2026-06-20T00:34:29.000Z,-40.024965,-72.834713,75,
2026-06-20T00:34:41.000Z,-40.023075,-72.832965,78,
2026-06-20T00:34:53.000Z,-40.021158,-72.831172,77,
2026-06-20T00:35:05.000Z,-40.019317,-72.829447,78,
2026-06-20T00:35:17.000Z,-40.01729,-72.827588,89,
2026-06-20T00:35:27.000Z,-40.015487,-72.825902,85,
2026-06-20T00:35:37.000Z,-40.013703,-72.824252,88,
2026-06-20T00:35:49.000Z,-40.011635,-72.822305,84,
2026-06-20T00:36:00.000Z,-40.009673,-72.820483,87,
2026-06-20T00:36:10.000Z,-40.007822,-72.818792,86,
2026-06-20T00:36:22.000Z,-40.005873,-72.816988,71,
2026-06-20T00:36:35.000Z,-40.00396,-72.815217,73,
2026-06-20T00:36:47.000Z,-40.002045,-72.813458,82,
2026-06-20T00:36:58.000Z,-40.000127,-72.811673,87,
2026-06-20T00:37:08.000Z,-39.998322,-72.809998,86,
2026-06-20T00:37:19.000Z,-39.996373,-72.808205,85,
2026-06-20T00:37:31.000Z,-39.99435,-72.806305,81,
2026-06-20T00:37:42.000Z,-39.992383,-72.804482,87,
2026-06-20T00:37:52.000Z,-39.99054,-72.802803,88,
2026-06-20T00:38:02.000Z,-39.98874,-72.801135,88,
2026-06-20T00:38:14.000Z,-39.986692,-72.799223,82,
2026-06-20T00:38:26.000Z,-39.98461,-72.79731,88,
2026-06-20T00:38:35.000Z,-39.982923,-72.796173,84,
2026-06-20T00:38:47.000Z,-39.980443,-72.795825,81,
2026-06-20T00:38:59.000Z,-39.977937,-72.795537,85,
2026-06-20T00:39:09.000Z,-39.975565,-72.795265,88,
2026-06-20T00:39:19.000Z,-39.97364,-72.795622,87,
2026-06-20T00:39:29.000Z,-39.971658,-72.796868,88,
2026-06-20T00:39:39.000Z,-39.969638,-72.798137,90,
2026-06-20T00:39:49.000Z,-39.967603,-72.799325,85,
2026-06-20T00:40:00.000Z,-39.965315,-72.799688,83,
2026-06-20T00:40:12.000Z,-39.962813,-72.799802,81,
2026-06-20T00:40:22.000Z,-39.960768,-72.800027,83,
2026-06-20T00:40:33.000Z,-39.95875,-72.801623,88,
2026-06-20T00:40:43.000Z,-39.956998,-72.803342,87,
2026-06-20T00:40:53.000Z,-39.955248,-72.805055,87,
2026-06-20T00:41:03.000Z,-39.953542,-72.806833,87,
2026-06-20T00:41:11.000Z,-39.952003,-72.807845,85,
2026-06-20T00:41:21.000Z,-39.949958,-72.807665,79,
2026-06-20T00:41:32.000Z,-39.9481,-72.80655,74,
2026-06-20T00:41:42.000Z,-39.946357,-72.805603,79,
2026-06-20T00:41:54.000Z,-39.944032,-72.805078,79,
2026-06-20T00:42:06.000Z,-39.941837,-72.803635,85,
2026-06-20T00:42:18.000Z,-39.93992,-72.801415,86,
2026-06-20T00:42:29.000Z,-39.93819,-72.79934,84,
2026-06-20T00:42:38.000Z,-39.93661,-72.797953,84,
2026-06-20T00:42:47.000Z,-39.9347,-72.797628,83,
2026-06-20T00:42:59.000Z,-39.932278,-72.79755,80,
2026-06-20T00:43:11.000Z,-39.929797,-72.797465,83,
2026-06-20T00:43:23.000Z,-39.92742,-72.79738,75,
2026-06-20T00:43:35.000Z,-39.925165,-72.797298,76,
2026-06-20T00:43:47.000Z,-39.922728,-72.797215,86,
2026-06-20T00:43:57.000Z,-39.920537,-72.797142,86,
2026-06-20T00:44:08.000Z,-39.918167,-72.79706,85,
2026-06-20T00:44:20.000Z,-39.915585,-72.796965,86,
2026-06-20T00:44:29.000Z,-39.913402,-72.796895,87,
2026-06-20T00:44:39.000Z,-39.91133,-72.796518,76,
2026-06-20T00:44:53.000Z,-39.909648,-72.794662,52,
2026-06-20T00:45:03.000Z,-39.909007,-72.793398,44,
2026-06-20T00:45:16.000Z,-39.908048,-72.7922,48,
2026-06-20T00:45:30.000Z,-39.906082,-72.791173,74,
2026-06-20T00:45:40.000Z,-39.904038,-72.790953,88,
2026-06-20T00:45:50.000Z,-39.901873,-72.79155,85,
2026-06-20T00:46:00.000Z,-39.899745,-72.792165,86,
2026-06-20T00:46:12.000Z,-39.897213,-72.792885,87,
2026-06-20T00:46:22.000Z,-39.895095,-72.793478,87,
2026-06-20T00:46:32.000Z,-39.89297,-72.79408,86,
2026-06-20T00:46:44.000Z,-39.890488,-72.794773,82,
2026-06-20T00:46:56.000Z,-39.888122,-72.795448,81,
2026-06-20T00:47:08.000Z,-39.885715,-72.79612,82,
2026-06-20T00:47:20.000Z,-39.883302,-72.796797,79,
2026-06-20T00:47:32.000Z,-39.880943,-72.797468,78,
2026-06-20T00:47:44.000Z,-39.87871,-72.798093,70,
2026-06-20T00:47:58.000Z,-39.87639,-72.798752,62,
2026-06-20T00:48:06.000Z,-39.875195,-72.799095,61,
2026-06-20T00:48:20.000Z,-39.872942,-72.799702,66,
2026-06-20T00:48:34.000Z,-39.870787,-72.800308,63,
2026-06-20T00:48:48.000Z,-39.86859,-72.800943,63,
2026-06-20T00:49:02.000Z,-39.86637,-72.801583,66,
2026-06-20T00:49:16.000Z,-39.864058,-72.802288,68,
2026-06-20T00:49:30.000Z,-39.861795,-72.802902,63,
2026-06-20T00:49:44.000Z,-39.85951,-72.803537,69,
2026-06-20T00:49:57.000Z,-39.857135,-72.804178,67,
2026-06-20T00:50:11.000Z,-39.854842,-72.804845,66,
2026-06-20T00:50:26.000Z,-39.852755,-72.805493,54,
2026-06-20T00:50:35.000Z,-39.85162,-72.805933,49,
2026-06-20T00:50:45.000Z,-39.850528,-72.806582,47,
2026-06-20T00:50:54.000Z,-39.849595,-72.80734,49,
2026-06-20T00:51:03.000Z,-39.848635,-72.808225,56,
2026-06-20T00:51:11.000Z,-39.847663,-72.809117,60,
2026-06-20T00:51:25.000Z,-39.845807,-72.810768,68,
2026-06-20T00:51:38.000Z,-39.843797,-72.812383,76,
2026-06-20T00:51:50.000Z,-39.84176,-72.81401,79,
2026-06-20T00:52:02.000Z,-39.83968,-72.815677,81,
2026-06-20T00:52:14.000Z,-39.837575,-72.817348,82,
2026-06-20T00:52:26.000Z,-39.835463,-72.81904,83,
2026-06-20T00:52:38.000Z,-39.833287,-72.820793,87,
2026-06-20T00:52:49.000Z,-39.831238,-72.822408,86,
2026-06-20T00:53:01.000Z,-39.829083,-72.824142,81,
2026-06-20T00:53:13.000Z,-39.82701,-72.82581,83,
2026-06-20T00:53:23.000Z,-39.825568,-72.827728,86,
2026-06-20T00:53:34.000Z,-39.824385,-72.830413,88,
2026-06-20T00:53:44.000Z,-39.823312,-72.83289,88,
2026-06-20T00:53:54.000Z,-39.822222,-72.835368,88,
2026-06-20T00:54:04.000Z,-39.821125,-72.837853,87,
2026-06-20T00:54:14.000Z,-39.820102,-72.840345,86,
2026-06-20T00:54:24.000Z,-39.819133,-72.842902,88,
2026-06-20T00:54:34.000Z,-39.818172,-72.845433,86,
2026-06-20T00:54:45.000Z,-39.816913,-72.84804,88,
2026-06-20T00:54:55.000Z,-39.815567,-72.850322,88,
2026-06-20T00:55:05.000Z,-39.813878,-72.85215,85,
2026-06-20T00:55:17.000Z,-39.81191,-72.854037,78,
2026-06-20T00:55:26.000Z,-39.810457,-72.855633,75,
2026-06-20T00:55:35.000Z,-39.80971,-72.857568,73,
2026-06-20T00:55:47.000Z,-39.809225,-72.860375,74,
2026-06-20T00:55:56.000Z,-39.809152,-72.862558,78,
2026-06-20T00:56:08.000Z,-39.809628,-72.865417,84,
2026-06-20T00:56:18.000Z,-39.809337,-72.868083,84,
2026-06-20T00:56:28.000Z,-39.809242,-72.870815,82,
2026-06-20T00:56:40.000Z,-39.80878,-72.873915,79,
2026-06-20T00:56:52.000Z,-39.807627,-72.876553,75,
2026-06-20T00:57:05.000Z,-39.806337,-72.879165,68,
2026-06-20T00:57:19.000Z,-39.805402,-72.881953,68,
2026-06-20T00:57:33.000Z,-39.804507,-72.884817,69,
2026-06-20T00:57:47.000Z,-39.803652,-72.887688,63,
2026-06-20T00:58:01.000Z,-39.803432,-72.89024,51,
2026-06-20T00:58:10.000Z,-39.803548,-72.89166,45,
2026-06-20T00:58:20.000Z,-39.803668,-72.893068,40,
2026-06-20T00:58:31.000Z,-39.803708,-72.894508,41,
2026-06-20T00:58:49.000Z,-39.803385,-72.896797,43,
2026-06-20T00:58:59.000Z,-39.803002,-72.898192,46,
2026-06-20T00:59:07.000Z,-39.80262,-72.899462,56,
2026-06-20T00:59:17.000Z,-39.80171,-72.901045,64,
2026-06-20T00:59:25.000Z,-39.800522,-72.901922,69,
2026-06-20T00:59:33.000Z,-39.799115,-72.902158,72,
2026-06-20T00:59:45.000Z,-39.796887,-72.901928,75,
2026-06-20T00:59:57.000Z,-39.794618,-72.901742,74,
2026-06-20T01:00:10.000Z,-39.792335,-72.901523,66,
2026-06-20T01:00:24.000Z,-39.790072,-72.901292,63,
2026-06-20T01:00:38.000Z,-39.787818,-72.900733,66,
2026-06-20T01:00:51.000Z,-39.785465,-72.900032,69,
2026-06-20T01:01:04.000Z,-39.783192,-72.899733,73,
2026-06-20T01:01:17.000Z,-39.780912,-72.90038,83,
2026-06-20T01:01:27.000Z,-39.778737,-72.901045,88,
2026-06-20T01:01:38.000Z,-39.776432,-72.90178,82,
2026-06-20T01:01:50.000Z,-39.774288,-72.902432,68,
2026-06-20T01:02:05.000Z,-39.772022,-72.902845,53,
2026-06-20T01:02:14.000Z,-39.77088,-72.902958,47,
2026-06-20T01:02:23.000Z,-39.769798,-72.903105,48,
2026-06-20T01:02:38.000Z,-39.767902,-72.903958,58,
2026-06-20T01:02:46.000Z,-39.766882,-72.904852,64,
2026-06-20T01:03:00.000Z,-39.765045,-72.906723,71,
2026-06-20T01:03:11.000Z,-39.763285,-72.907843,72,
2026-06-20T01:03:23.000Z,-39.761038,-72.908463,77,
2026-06-20T01:03:35.000Z,-39.758795,-72.908483,72,
2026-06-20T01:03:47.000Z,-39.756493,-72.908272,81,
2026-06-20T01:03:58.000Z,-39.754198,-72.907907,80,
2026-06-20T01:04:08.000Z,-39.752473,-72.906403,80,
2026-06-20T01:04:21.000Z,-39.75104,-72.903885,70,
2026-06-20T01:04:31.000Z,-39.749827,-72.902325,65,
2026-06-20T01:04:41.000Z,-39.748327,-72.901618,61,
2026-06-20T01:04:49.000Z,-39.74713,-72.90157,58,
2026-06-20T01:04:57.000Z,-39.745963,-72.901562,58,
2026-06-20T01:05:06.000Z,-39.744772,-72.901618,60,
2026-06-20T01:05:20.000Z,-39.74242,-72.902373,74,
2026-06-20T01:05:32.000Z,-39.740133,-72.903315,86,
2026-06-20T01:05:43.000Z,-39.737853,-72.904222,86,
2026-06-20T01:05:55.000Z,-39.735478,-72.905195,78,
2026-06-20T01:06:06.000Z,-39.733735,-72.906903,82,
2026-06-20T01:06:16.000Z,-39.732865,-72.909275,82,
2026-06-20T01:06:29.000Z,-39.731855,-72.912452,78,
2026-06-20T01:06:40.000Z,-39.730805,-72.914907,77,
2026-06-20T01:06:49.000Z,-39.729548,-72.916023,76,
2026-06-20T01:07:01.000Z,-39.727282,-72.917002,83,
2026-06-20T01:07:12.000Z,-39.724913,-72.918035,82,
2026-06-20T01:07:24.000Z,-39.722603,-72.919027,79,
2026-06-20T01:07:36.000Z,-39.720437,-72.919957,74,
2026-06-20T01:07:48.000Z,-39.718248,-72.920535,74,
2026-06-20T01:08:00.000Z,-39.716018,-72.920872,75,
2026-06-20T01:08:12.000Z,-39.71372,-72.92122,77,
2026-06-20T01:08:24.000Z,-39.711408,-72.92159,75,
2026-06-20T01:08:36.000Z,-39.709108,-72.921943,77,
2026-06-20T01:08:48.000Z,-39.706712,-72.922323,79,
2026-06-20T01:09:00.000Z,-39.704355,-72.922688,79,
2026-06-20T01:09:12.000Z,-39.701987,-72.923057,78,
2026-06-20T01:09:24.000Z,-39.699615,-72.923432,79,
2026-06-20T01:09:36.000Z,-39.697235,-72.923805,80,
2026-06-20T01:09:48.000Z,-39.694902,-72.924175,77,
2026-06-20T01:10:00.000Z,-39.692703,-72.924515,71,
2026-06-20T01:10:12.000Z,-39.690465,-72.924862,76,
2026-06-20T01:10:24.000Z,-39.68828,-72.925203,69,
2026-06-20T01:10:37.000Z,-39.686383,-72.92555,50,
2026-06-20T01:10:46.000Z,-39.685308,-72.925877,42,
2026-06-20T01:10:57.000Z,-39.684502,-72.926252,19,
2026-06-20T01:11:59.000Z,-39.684375,-72.926323,0,
2026-06-20T01:12:59.000Z,-39.684253,-72.926397,10,
2026-06-20T01:13:12.000Z,-39.683693,-72.92678,30,
2026-06-20T01:13:29.000Z,-39.68211,-72.927883,49,
2026-06-20T01:13:38.000Z,-39.681038,-72.928612,56,
2026-06-20T01:13:46.000Z,-39.67997,-72.929338,62,
2026-06-20T01:14:00.000Z,-39.677825,-72.93078,75,
2026-06-20T01:14:12.000Z,-39.675663,-72.93213,82,
2026-06-20T01:14:24.000Z,-39.673317,-72.933333,85,
2026-06-20T01:14:35.000Z,-39.671102,-72.934462,87,
2026-06-20T01:14:45.000Z,-39.669115,-72.935667,87,
2026-06-20T01:14:55.000Z,-39.667152,-72.9369,86,
2026-06-20T01:15:05.000Z,-39.665182,-72.938128,87,
2026-06-20T01:15:15.000Z,-39.66321,-72.939358,87,
2026-06-20T01:15:25.000Z,-39.661227,-72.940575,85,
2026-06-20T01:15:37.000Z,-39.659032,-72.941938,77,
2026-06-20T01:15:49.000Z,-39.656987,-72.943197,72,
2026-06-20T01:16:01.000Z,-39.655007,-72.944423,75,
2026-06-20T01:16:13.000Z,-39.652877,-72.945747,80,
2026-06-20T01:16:26.000Z,-39.650717,-72.94717,68,
2026-06-20T01:16:36.000Z,-39.649457,-72.948095,47,
2026-06-20T01:16:46.000Z,-39.648538,-72.948855,41,
2026-06-20T01:16:54.000Z,-39.647993,-72.94953,33,
2026-06-20T01:17:03.000Z,-39.64727,-72.950185,43,
2026-06-20T01:17:12.000Z,-39.64637,-72.950982,51,
2026-06-20T01:17:23.000Z,-39.644895,-72.952095,58,
2026-06-20T01:17:36.000Z,-39.643435,-72.953173,56,
2026-06-20T01:17:44.000Z,-39.642457,-72.953953,57,
2026-06-20T01:17:52.000Z,-39.641462,-72.954743,58,
2026-06-20T01:18:00.000Z,-39.640452,-72.955552,59,
2026-06-20T01:18:08.000Z,-39.639408,-72.956397,62,
2026-06-20T01:18:18.000Z,-39.637828,-72.957113,72,
2026-06-20T01:18:26.000Z,-39.63631,-72.956903,77,
2026-06-20T01:18:39.000Z,-39.634233,-72.955008,79,
2026-06-20T01:18:49.000Z,-39.632545,-72.953648,80,
2026-06-20T01:19:01.000Z,-39.630158,-72.953225,81,
2026-06-20T01:19:13.000Z,-39.62767,-72.953287,84,
2026-06-20T01:19:25.000Z,-39.625112,-72.953373,85,
2026-06-20T01:19:35.000Z,-39.622947,-72.95344,86,
2026-06-20T01:19:45.000Z,-39.620772,-72.953508,87,
2026-06-20T01:19:55.000Z,-39.618572,-72.953592,87,
2026-06-20T01:20:05.000Z,-39.616358,-72.953665,87,
2026-06-20T01:20:16.000Z,-39.613975,-72.953742,86,
2026-06-20T01:20:26.000Z,-39.611798,-72.95381,87,
2026-06-20T01:20:36.000Z,-39.609608,-72.953885,87,
2026-06-20T01:20:46.000Z,-39.607425,-72.953943,87,
2026-06-20T01:20:56.000Z,-39.605232,-72.95407,87,
2026-06-20T01:21:06.000Z,-39.60303,-72.95432,87,
2026-06-20T01:21:16.000Z,-39.600858,-72.954583,87,
2026-06-20T01:21:26.000Z,-39.598687,-72.954833,87,
2026-06-20T01:21:36.000Z,-39.596505,-72.955085,87,
2026-06-20T01:21:46.000Z,-39.594327,-72.955338,87,
2026-06-20T01:21:56.000Z,-39.59214,-72.95558,86,
2026-06-20T01:22:05.000Z,-39.590178,-72.955328,87,
2026-06-20T01:22:14.000Z,-39.588387,-72.954223,87,
2026-06-20T01:22:24.000Z,-39.586485,-72.952815,87,
2026-06-20T01:22:34.000Z,-39.584582,-72.95142,87,
2026-06-20T01:22:43.000Z,-39.582675,-72.950017,87,
2026-06-20T01:22:53.000Z,-39.580762,-72.948613,87,
2026-06-20T01:23:04.000Z,-39.578663,-72.94708,87,
2026-06-20T01:23:15.000Z,-39.576768,-72.945705,86,
2026-06-20T01:23:25.000Z,-39.574863,-72.94431,86,
2026-06-20T01:23:37.000Z,-39.572618,-72.942665,84,
2026-06-20T01:23:49.000Z,-39.570362,-72.941143,83,
2026-06-20T01:24:01.000Z,-39.56794,-72.94051,81,
2026-06-20T01:24:13.000Z,-39.565533,-72.940382,79,
2026-06-20T01:24:25.000Z,-39.563182,-72.940238,76,
2026-06-20T01:24:33.000Z,-39.561692,-72.939605,80,
2026-06-20T01:24:46.000Z,-39.559848,-72.937127,84,
2026-06-20T01:24:58.000Z,-39.558313,-72.934513,85,
2026-06-20T01:25:08.000Z,-39.5571,-72.93219,86,
2026-06-20T01:25:19.000Z,-39.556922,-72.92893,85,
2026-06-20T01:25:31.000Z,-39.557247,-72.925605,87,
2026-06-20T01:25:41.000Z,-39.557477,-72.922805,86,
2026-06-20T01:25:53.000Z,-39.557793,-72.919593,82,
2026-06-20T01:26:03.000Z,-39.557863,-72.916975,79,
2026-06-20T01:26:13.000Z,-39.557168,-72.91458,80,
2026-06-20T01:26:25.000Z,-39.55617,-72.911887,68,
2026-06-20T01:26:35.000Z,-39.555633,-72.910043,56,
2026-06-20T01:26:45.000Z,-39.5559,-72.908277,57,
2026-06-20T01:26:59.000Z,-39.557318,-72.90663,53,
2026-06-20T01:27:08.000Z,-39.558143,-72.905858,33,
2026-06-20T01:27:17.000Z,-39.558537,-72.905502,12,
2026-06-20T01:27:34.000Z,-39.558743,-72.905325,10,
2026-06-20T01:27:46.000Z,-39.559065,-72.905032,20,
2026-06-20T01:28:06.000Z,-39.560312,-72.903815,38,
2026-06-20T01:28:16.000Z,-39.560852,-72.9028,40,
2026-06-20T01:28:29.000Z,-39.561027,-72.901385,25,
2026-06-20T01:28:37.000Z,-39.560995,-72.900937,11,
2026-06-20T01:28:54.000Z,-39.561025,-72.900655,6,
2026-06-20T01:29:34.000Z,-39.561025,-72.899967,7,
2026-06-20T01:29:42.000Z,-39.560993,-72.899657,16,
2026-06-20T01:29:52.000Z,-39.560995,-72.899132,18,
2026-06-20T01:30:07.000Z,-39.560998,-72.898148,23,
2026-06-20T01:30:25.000Z,-39.56098,-72.89671,26,
2026-06-20T01:30:33.000Z,-39.560965,-72.89608,18,
2026-06-20T01:30:41.000Z,-39.560952,-72.895737,7,
2026-06-20T01:30:55.000Z,-39.560972,-72.895623,7,
2026-06-20T01:31:05.000Z,-39.561048,-72.895275,14,
2026-06-20T01:31:23.000Z,-39.56101,-72.894938,6,
2026-06-20T01:32:23.000Z,-39.561003,-72.89466,5,
2026-06-20T01:32:31.000Z,-39.561007,-72.894417,10,
2026-06-20T01:32:47.000Z,-39.56097,-72.893633,20,
2026-06-20T01:33:05.000Z,-39.560902,-72.892218,27,
2026-06-20T01:33:15.000Z,-39.560877,-72.891367,18,
2026-06-20T01:33:23.000Z,-39.561205,-72.89134,16,
2026-06-20T01:33:32.000Z,-39.561138,-72.891825,18,
2026-06-20T01:33:40.000Z,-39.561262,-72.892242,17,
2026-06-20T01:35:07.000Z,-39.562527,-72.89228,0,
2026-06-20T01:36:07.000Z,-39.562527,-72.89228,0,
2026-06-20T01:38:07.000Z,-39.562527,-72.89228,0,
2026-06-20T01:39:07.000Z,-39.562527,-72.89228,0,
2026-06-20T01:41:08.000Z,-39.562527,-72.89228,0,
2026-06-20T01:41:34.000Z,-39.56265,-72.892285,11,
2026-06-20T01:42:21.000Z,-39.562858,-72.892262,10,
2026-06-20T01:42:43.000Z,-39.563977,-72.891672,20,
2026-06-20T01:42:59.000Z,-39.564157,-72.89071,14,
2026-06-20T01:43:10.000Z,-39.564182,-72.890103,20,
2026-06-20T01:43:22.000Z,-39.564143,-72.88917,12,
2026-06-20T01:44:00.000Z,-39.564152,-72.889342,6,
2026-06-20T01:44:12.000Z,-39.564582,-72.889277,23,
2026-06-20T01:44:24.000Z,-39.565348,-72.889262,10,
2026-06-20T01:44:34.000Z,-39.565487,-72.889052,10,
2026-06-20T01:44:49.000Z,-39.565498,-72.888497,7,
2026-06-20T01:45:04.000Z,-39.565552,-72.888207,6,
2026-06-20T01:46:10.000Z,-39.565588,-72.88795,0,
2026-06-20T01:47:09.000Z,-39.565588,-72.88795,0,
2026-06-20T01:49:10.000Z,-39.565588,-72.88795,0,
2026-06-20T01:50:10.000Z,-39.565588,-72.88795,0,
2026-06-20T01:51:10.000Z,-39.565588,-72.88795,0,
2026-06-20T01:52:11.000Z,-39.565588,-72.88795,0,
2026-06-20T01:53:10.000Z,-39.565588,-72.88795,0,
2026-06-20T01:54:10.000Z,-39.565588,-72.88795,0,
2026-06-20T01:56:11.000Z,-39.565588,-72.88795,0,
2026-06-20T01:57:11.000Z,-39.565588,-72.88795,0,
2026-06-20T01:59:00.000Z,-39.565562,-72.887483,0,
2026-06-20T02:00:00.000Z,-39.565562,-72.887483,0,
2026-06-20T02:00:41.000Z,-39.565537,-72.887388,6,
2026-06-20T02:00:49.000Z,-39.56538,-72.887285,8,
2026-06-20T02:01:52.000Z,-39.565158,-72.887273,0,
2026-06-20T02:02:52.000Z,-39.565158,-72.887273,0,
2026-06-20T02:03:51.000Z,-39.565158,-72.887273,0,
2026-06-20T02:04:51.000Z,-39.565158,-72.887273,0,
2026-06-20T02:05:52.000Z,-39.565158,-72.887273,0,
2026-06-20T02:07:52.000Z,-39.565158,-72.887273,0,
2026-06-20T02:09:52.000Z,-39.565158,-72.887273,0,
2026-06-20T02:11:52.000Z,-39.565158,-72.887273,0,
2026-06-20T02:13:53.000Z,-39.565158,-72.887273,0,
2026-06-20T02:15:53.000Z,-39.565158,-72.887273,0,
2026-06-20T02:17:53.000Z,-39.565158,-72.887273,0,
2026-06-20T02:18:53.000Z,-39.565158,-72.887273,0,
2026-06-20T02:20:53.000Z,-39.565158,-72.887273,0,
2026-06-20T02:21:53.000Z,-39.565158,-72.887273,0,
2026-06-20T02:22:54.000Z,-39.565158,-72.887273,0,
2026-06-20T02:24:54.000Z,-39.565158,-72.887273,0,
2026-06-20T02:25:54.000Z,-39.565158,-72.887273,0,
2026-06-20T02:26:54.000Z,-39.565158,-72.887273,0,
2026-06-20T02:28:54.000Z,-39.565158,-72.887273,0,
2026-06-20T02:29:55.000Z,-39.565158,-72.887273,0,
2026-06-20T02:32:55.000Z,-39.56457,-72.887282,0,
2026-06-20T02:33:55.000Z,-39.56457,-72.887282,0,
2026-06-20T02:34:55.000Z,-39.56457,-72.887282,0,
2026-06-20T02:36:55.000Z,-39.56457,-72.887282,0,
2026-06-20T02:38:55.000Z,-39.56457,-72.887282,0,
2026-06-20T02:42:30.000Z,-39.564263,-72.887292,0,
2026-06-20T02:43:31.000Z,-39.564252,-72.887292,0,
2026-06-20T02:45:31.000Z,-39.564252,-72.887292,0,
2026-06-20T02:46:31.000Z,-39.564252,-72.887292,0,
2026-06-20T02:47:31.000Z,-39.564252,-72.887292,0,
2026-06-20T02:49:31.000Z,-39.564137,-72.887295,0,
2026-06-20T02:49:45.000Z,-39.564073,-72.887355,7,
2026-06-20T02:49:53.000Z,-39.564115,-72.887523,6,
2026-06-20T02:50:58.000Z,-39.564328,-72.887348,0,
2026-06-20T02:52:55.000Z,-39.564352,-72.887317,6,
2026-06-20T02:53:07.000Z,-39.564655,-72.887298,0,
2026-06-20T02:54:08.000Z,-39.56466,-72.887298,0,
2026-06-20T02:55:08.000Z,-39.56466,-72.887298,0,
2026-06-20T02:56:08.000Z,-39.564725,-72.8873,0,
2026-06-20T02:57:09.000Z,-39.564725,-72.8873,0,
2026-06-20T02:58:08.000Z,-39.564747,-72.887297,6,
2026-06-20T02:58:20.000Z,-39.565173,-72.887288,12,
2026-06-20T02:58:28.000Z,-39.565383,-72.886997,16,
2026-06-20T02:58:36.000Z,-39.565218,-72.886578,16,
2026-06-20T02:58:46.000Z,-39.564917,-72.886293,15,
2026-06-20T02:59:01.000Z,-39.56396,-72.886265,33,
2026-06-20T02:59:14.000Z,-39.562988,-72.886308,22,
2026-06-20T03:00:49.000Z,-39.562872,-72.888425,0,
2026-06-20T03:01:49.000Z,-39.562872,-72.888425,0,
2026-06-20T03:02:33.000Z,-39.562877,-72.888498,10,
2026-06-20T03:02:41.000Z,-39.562875,-72.888952,14,
2026-06-20T03:02:52.000Z,-39.562365,-72.88901,25,
2026-06-20T03:03:07.000Z,-39.561448,-72.889037,15,
2026-06-20T03:03:22.000Z,-39.561315,-72.89,28,
2026-06-20T03:03:34.000Z,-39.561275,-72.890867,21,
2026-06-20T03:03:42.000Z,-39.560912,-72.891228,24,
2026-06-20T03:03:59.000Z,-39.56077,-72.892863,20,
2026-06-20T03:04:09.000Z,-39.560653,-72.89345,14,
2026-06-20T03:04:18.000Z,-39.560658,-72.893732,0,
2026-06-20T03:05:18.000Z,-39.560673,-72.893915,0,
2026-06-20T03:06:18.000Z,-39.560668,-72.893848,0,
2026-06-20T03:07:19.000Z,-39.560668,-72.893848,0,
2026-06-20T03:07:27.000Z,-39.560675,-72.893927,11,
2026-06-20T03:07:36.000Z,-39.560897,-72.894223,17,
2026-06-20T03:07:45.000Z,-39.560917,-72.894658,7,
2026-06-20T03:07:54.000Z,-39.560928,-72.894775,9,
2026-06-20T03:08:17.000Z,-39.560923,-72.89503,8,
2026-06-20T03:08:27.000Z,-39.560928,-72.895388,8,
2026-06-20T03:09:08.000Z,-39.56091,-72.897305,18,
2026-06-20T03:09:31.000Z,-39.56093,-72.898732,25,
2026-06-20T03:09:45.000Z,-39.56096,-72.900172,33,
2026-06-20T03:10:02.000Z,-39.560552,-72.902097,36,
2026-06-20T03:10:15.000Z,-39.560078,-72.903488,37,
2026-06-20T03:10:27.000Z,-39.559403,-72.904565,35,
2026-06-20T03:10:38.000Z,-39.558835,-72.905058,12,
2026-06-20T03:10:57.000Z,-39.558618,-72.905277,11,
2026-06-20T03:11:06.000Z,-39.55824,-72.905605,32,
2026-06-20T03:11:21.000Z,-39.55682,-72.906883,54,
2026-06-20T03:11:33.000Z,-39.555623,-72.9076,35,
2026-06-20T03:11:46.000Z,-39.555052,-72.907777,10,
2026-06-20T03:11:55.000Z,-39.554695,-72.907615,14,
2026-06-20T03:12:07.000Z,-39.554563,-72.907433,13,
2026-06-20T03:12:17.000Z,-39.554308,-72.906823,33,
2026-06-20T03:12:26.000Z,-39.55392,-72.905783,46,
2026-06-20T03:12:38.000Z,-39.553107,-72.903705,69,
2026-06-20T03:12:50.000Z,-39.55212,-72.90107,80,
2026-06-20T03:13:01.000Z,-39.55114,-72.898282,88,
2026-06-20T03:13:11.000Z,-39.550137,-72.895727,87,
2026-06-20T03:13:21.000Z,-39.549145,-72.893208,86,
2026-06-20T03:13:31.000Z,-39.548167,-72.89068,87,
2026-06-20T03:13:41.000Z,-39.547217,-72.888145,87,
2026-06-20T03:13:51.000Z,-39.546262,-72.885585,87,
2026-06-20T03:14:01.000Z,-39.545313,-72.883018,87,
2026-06-20T03:14:10.000Z,-39.544348,-72.880458,87,
2026-06-20T03:14:21.000Z,-39.543303,-72.877695,87,
2026-06-20T03:14:31.000Z,-39.542372,-72.875107,87,
2026-06-20T03:14:43.000Z,-39.541243,-72.87212,86,
2026-06-20T03:14:55.000Z,-39.540235,-72.869363,70,
2026-06-20T03:15:06.000Z,-39.539547,-72.867522,45,
2026-06-20T03:15:15.000Z,-39.539548,-72.86656,32,
2026-06-20T03:15:23.000Z,-39.540145,-72.866577,28,
2026-06-20T03:15:32.000Z,-39.540263,-72.866925,8,
2026-06-20T03:15:43.000Z,-39.539853,-72.867257,31,
2026-06-20T03:15:52.000Z,-39.539108,-72.867707,42,
2026-06-20T03:16:00.000Z,-39.538485,-72.868363,39,
2026-06-20T03:16:08.000Z,-39.538373,-72.869087,20,
2026-06-20T03:16:19.000Z,-39.539023,-72.868885,36,
2026-06-20T03:16:27.000Z,-39.539738,-72.868998,35,
2026-06-20T03:16:37.000Z,-39.540297,-72.870255,58,
2026-06-20T03:16:51.000Z,-39.541367,-72.873045,74,
2026-06-20T03:17:03.000Z,-39.542417,-72.87588,87,
2026-06-20T03:17:13.000Z,-39.543395,-72.878467,88,
2026-06-20T03:17:24.000Z,-39.544417,-72.881265,87,
2026-06-20T03:17:34.000Z,-39.545387,-72.88382,87,
2026-06-20T03:17:45.000Z,-39.54634,-72.886392,87,
2026-06-20T03:17:55.000Z,-39.547283,-72.88895,87,
2026-06-20T03:18:05.000Z,-39.548247,-72.891522,88,
2026-06-20T03:18:15.000Z,-39.549187,-72.894062,87,
2026-06-20T03:18:26.000Z,-39.550323,-72.896807,88,
2026-06-20T03:18:37.000Z,-39.55136,-72.899633,87,
2026-06-20T03:18:47.000Z,-39.55229,-72.902215,88,
2026-06-20T03:18:57.000Z,-39.553292,-72.904772,88,
2026-06-20T03:19:08.000Z,-39.55437,-72.907555,87,
2026-06-20T03:19:18.000Z,-39.555298,-72.910122,87,
2026-06-20T03:19:28.000Z,-39.55624,-72.91267,87,
2026-06-20T03:19:38.000Z,-39.557198,-72.915248,88,
2026-06-20T03:19:46.000Z,-39.557715,-72.917668,88,
2026-06-20T03:19:56.000Z,-39.557568,-72.920453,87,
2026-06-20T03:20:06.000Z,-39.557315,-72.923288,87,
2026-06-20T03:20:16.000Z,-39.557025,-72.926128,87,
2026-06-20T03:20:27.000Z,-39.556753,-72.929203,87,
2026-06-20T03:20:35.000Z,-39.55673,-72.931475,88,
2026-06-20T03:20:47.000Z,-39.558025,-72.934448,87,
2026-06-20T03:20:58.000Z,-39.559503,-72.936905,87,
2026-06-20T03:21:08.000Z,-39.560892,-72.939128,87,
2026-06-20T03:21:17.000Z,-39.562557,-72.940358,88,
2026-06-20T03:21:26.000Z,-39.564545,-72.94063,87,
2026-06-20T03:21:36.000Z,-39.566758,-72.940772,87,
2026-06-20T03:21:46.000Z,-39.568957,-72.940958,86,
2026-06-20T03:21:56.000Z,-39.57102,-72.941805,87,
2026-06-20T03:22:06.000Z,-39.572947,-72.943217,88,
2026-06-20T03:22:17.000Z,-39.575042,-72.944753,88,
2026-06-20T03:22:27.000Z,-39.576958,-72.94615,88,
2026-06-20T03:22:37.000Z,-39.578877,-72.947547,87,
2026-06-20T03:22:47.000Z,-39.580783,-72.948962,87,
2026-06-20T03:22:57.000Z,-39.582688,-72.950348,86,
2026-06-20T03:23:07.000Z,-39.584615,-72.951768,87,
2026-06-20T03:23:18.000Z,-39.586522,-72.953147,87,
2026-06-20T03:23:28.000Z,-39.58845,-72.954558,87,
2026-06-20T03:23:37.000Z,-39.590257,-72.955597,88,
2026-06-20T03:23:47.000Z,-39.592443,-72.955822,88,
2026-06-20T03:23:57.000Z,-39.59467,-72.955575,87,
2026-06-20T03:24:07.000Z,-39.596862,-72.955312,87,
2026-06-20T03:24:17.000Z,-39.599058,-72.955062,88,
2026-06-20T03:24:27.000Z,-39.601242,-72.95481,88,
2026-06-20T03:24:37.000Z,-39.603438,-72.954555,87,
2026-06-20T03:24:47.000Z,-39.6056,-72.954323,87,
2026-06-20T03:24:57.000Z,-39.607818,-72.954218,88,
2026-06-20T03:25:06.000Z,-39.61002,-72.95414,88,
2026-06-20T03:25:17.000Z,-39.612242,-72.954085,86,
2026-06-20T03:25:27.000Z,-39.614442,-72.95395,87,
2026-06-20T03:25:37.000Z,-39.616638,-72.95388,87,
2026-06-20T03:25:47.000Z,-39.618825,-72.953797,87,
2026-06-20T03:25:57.000Z,-39.621018,-72.953738,87,
2026-06-20T03:26:07.000Z,-39.623223,-72.953698,87,
2026-06-20T03:26:17.000Z,-39.625423,-72.95364,87,
2026-06-20T03:26:27.000Z,-39.62763,-72.953563,87,
2026-06-20T03:26:37.000Z,-39.629845,-72.953515,87,
2026-06-20T03:26:47.000Z,-39.631973,-72.953708,86,
2026-06-20T03:26:57.000Z,-39.633898,-72.955012,87,
2026-06-20T03:27:07.000Z,-39.635585,-72.956825,88,
2026-06-20T03:27:16.000Z,-39.637507,-72.957468,87,
2026-06-20T03:27:25.000Z,-39.639528,-72.95662,86,
2026-06-20T03:27:36.000Z,-39.641315,-72.955143,61,
2026-06-20T03:27:48.000Z,-39.642723,-72.953997,61,
2026-06-20T03:27:58.000Z,-39.64431,-72.95275,80,
2026-06-20T03:28:09.000Z,-39.646327,-72.951103,87,
2026-06-20T03:28:19.000Z,-39.64817,-72.949522,88,
2026-06-20T03:28:29.000Z,-39.650007,-72.947983,88,
2026-06-20T03:28:40.000Z,-39.651943,-72.946583,86,
2026-06-20T03:28:50.000Z,-39.65391,-72.94535,87,
2026-06-20T03:29:00.000Z,-39.65591,-72.944135,87,
2026-06-20T03:29:11.000Z,-39.658072,-72.942783,88,
2026-06-20T03:29:21.000Z,-39.660057,-72.941555,88,
2026-06-20T03:29:31.000Z,-39.662063,-72.940313,87,
2026-06-20T03:29:42.000Z,-39.664262,-72.938977,87,
2026-06-20T03:29:52.000Z,-39.666238,-72.937763,88,
2026-06-20T03:30:02.000Z,-39.668198,-72.936507,87,
2026-06-20T03:30:13.000Z,-39.670417,-72.935172,87,
2026-06-20T03:30:23.000Z,-39.672435,-72.934063,87,
2026-06-20T03:30:33.000Z,-39.674497,-72.933015,87,
2026-06-20T03:30:44.000Z,-39.676697,-72.93179,87,
2026-06-20T03:30:54.000Z,-39.678632,-72.930502,86,
2026-06-20T03:31:04.000Z,-39.68061,-72.929178,88,
2026-06-20T03:31:14.000Z,-39.682573,-72.927867,87,
2026-06-20T03:31:24.000Z,-39.68451,-72.926578,87,
2026-06-20T03:31:34.000Z,-39.686608,-72.92577,88,
2026-06-20T03:31:44.000Z,-39.68879,-72.925412,88,
2026-06-20T03:31:54.000Z,-39.690983,-72.925082,87,
2026-06-20T03:32:04.000Z,-39.693143,-72.92473,87,
2026-06-20T03:32:14.000Z,-39.695365,-72.924387,88,
2026-06-20T03:32:24.000Z,-39.697545,-72.924053,88,
2026-06-20T03:32:34.000Z,-39.699725,-72.923737,87,
2026-06-20T03:32:45.000Z,-39.702127,-72.923423,88,
2026-06-20T03:32:54.000Z,-39.704302,-72.923013,87,
2026-06-20T03:33:04.000Z,-39.706493,-72.922667,88,
2026-06-20T03:33:14.000Z,-39.708662,-72.922308,86,
2026-06-20T03:33:24.000Z,-39.710848,-72.921962,87,
2026-06-20T03:33:34.000Z,-39.713027,-72.921612,88,
2026-06-20T03:33:44.000Z,-39.715208,-72.921275,87,
2026-06-20T03:33:54.000Z,-39.717395,-72.92092,88,
2026-06-20T03:34:05.000Z,-39.719583,-72.920535,87,
2026-06-20T03:34:15.000Z,-39.7217,-72.919708,87,
2026-06-20T03:34:25.000Z,-39.723803,-72.918832,88,
2026-06-20T03:34:36.000Z,-39.72604,-72.91783,82,
2026-06-20T03:34:47.000Z,-39.728343,-72.916832,78,
2026-06-20T03:34:57.000Z,-39.73022,-72.915843,84,
2026-06-20T03:35:08.000Z,-39.731738,-72.913453,88,
2026-06-20T03:35:18.000Z,-39.732567,-72.910792,87,
2026-06-20T03:35:29.000Z,-39.733473,-72.907912,86,
2026-06-20T03:35:37.000Z,-39.734493,-72.90617,83,
2026-06-20T03:35:46.000Z,-39.736175,-72.905158,81,
2026-06-20T03:35:58.000Z,-39.738552,-72.904237,84,
2026-06-20T03:36:10.000Z,-39.740933,-72.903272,83,
2026-06-20T03:36:23.000Z,-39.743462,-72.902273,79,
2026-06-20T03:36:35.000Z,-39.745927,-72.901878,84,
2026-06-20T03:36:45.000Z,-39.748142,-72.901933,88,
2026-06-20T03:36:54.000Z,-39.749808,-72.902663,88,
2026-06-20T03:37:06.000Z,-39.751515,-72.905208,89,
2026-06-20T03:37:15.000Z,-39.752752,-72.907218,87,
2026-06-20T03:37:25.000Z,-39.754707,-72.908392,84,
2026-06-20T03:37:37.000Z,-39.757088,-72.908622,78,
2026-06-20T03:37:49.000Z,-39.759468,-72.908833,77,
2026-06-20T03:38:01.000Z,-39.761792,-72.908477,78,
2026-06-20T03:38:13.000Z,-39.764128,-72.907688,80,
2026-06-20T03:38:22.000Z,-39.765908,-72.906143,89,
2026-06-20T03:38:32.000Z,-39.767658,-72.904433,87,
2026-06-20T03:38:42.000Z,-39.769667,-72.903427,88,
2026-06-20T03:38:52.000Z,-39.771908,-72.903172,89,
2026-06-20T03:39:02.000Z,-39.774117,-72.902795,90,
2026-06-20T03:39:12.000Z,-39.776308,-72.90212,90,
2026-06-20T03:39:22.000Z,-39.778522,-72.901437,88,
2026-06-20T03:39:34.000Z,-39.780817,-72.900703,83,
2026-06-20T03:39:44.000Z,-39.782947,-72.90009,83,
2026-06-20T03:39:54.000Z,-39.785167,-72.90026,87,
2026-06-20T03:40:05.000Z,-39.787507,-72.90092,90,
2026-06-20T03:40:15.000Z,-39.789657,-72.90155,89,
2026-06-20T03:40:25.000Z,-39.791863,-72.901753,87,
2026-06-20T03:40:35.000Z,-39.794068,-72.901972,88,
2026-06-20T03:40:45.000Z,-39.796277,-72.902157,86,
2026-06-20T03:40:45.000Z,-39.796277,-72.902157,86,
2026-06-20T03:40:50.000Z,-39.797358,-72.902253,86,
2026-06-20T03:41:00.000Z,-39.799545,-72.902418,88,
2026-06-20T03:41:09.000Z,-39.801397,-72.901635,87,
2026-06-20T03:41:19.000Z,-39.802795,-72.899515,87,
2026-06-20T03:41:29.000Z,-39.803538,-72.896808,89,
2026-06-20T03:41:39.000Z,-39.803893,-72.893947,91,
2026-06-20T03:41:49.000Z,-39.803687,-72.890997,88,
2026-06-20T03:41:58.000Z,-39.803697,-72.888437,90,
2026-06-20T03:42:08.000Z,-39.804408,-72.88563,89,
2026-06-20T03:42:18.000Z,-39.805217,-72.882988,87,
2026-06-20T03:42:29.000Z,-39.806125,-72.880097,88,
2026-06-20T03:42:38.000Z,-39.807232,-72.877617,88,
2026-06-20T03:42:48.000Z,-39.808437,-72.875208,86,
2026-06-20T03:42:58.000Z,-39.809242,-72.872578,87,
2026-06-20T03:43:08.000Z,-39.809388,-72.869727,85,
2026-06-20T03:43:19.000Z,-39.809723,-72.866705,85,
2026-06-20T03:43:27.000Z,-39.80965,-72.864427,86,
2026-06-20T03:43:36.000Z,-39.809208,-72.861967,86,
2026-06-20T03:43:45.000Z,-39.809522,-72.859462,88,
2026-06-20T03:43:55.000Z,-39.810167,-72.856685,89,
2026-06-20T03:44:06.000Z,-39.811832,-72.854442,87,
2026-06-20T03:44:16.000Z,-39.813597,-72.852715,88,
2026-06-20T03:44:26.000Z,-39.815315,-72.850985,88,
2026-06-20T03:44:38.000Z,-39.816952,-72.848427,88,
2026-06-20T03:44:48.000Z,-39.818147,-72.84602,87,
2026-06-20T03:44:58.000Z,-39.819102,-72.843453,87,
2026-06-20T03:45:08.000Z,-39.820093,-72.840892,87,
2026-06-20T03:45:19.000Z,-39.821075,-72.838343,87,
2026-06-20T03:45:30.000Z,-39.822268,-72.835623,87,
2026-06-20T03:45:40.000Z,-39.82336,-72.833163,87,
2026-06-20T03:45:50.000Z,-39.824463,-72.830678,86,
2026-06-20T03:46:01.000Z,-39.825662,-72.827963,87,
2026-06-20T03:46:11.000Z,-39.827203,-72.825928,86,
2026-06-20T03:46:21.000Z,-39.82906,-72.824468,88,
2026-06-20T03:46:31.000Z,-39.830945,-72.822985,88,
2026-06-20T03:46:41.000Z,-39.832785,-72.821487,87,
2026-06-20T03:46:51.000Z,-39.83465,-72.820003,88,
2026-06-20T03:47:01.000Z,-39.836525,-72.818515,87,
2026-06-20T03:47:11.000Z,-39.838387,-72.817012,87,
2026-06-20T03:47:21.000Z,-39.840263,-72.815513,86,
2026-06-20T03:47:31.000Z,-39.842147,-72.814002,87,
2026-06-20T03:47:42.000Z,-39.844185,-72.812372,87,
2026-06-20T03:47:52.000Z,-39.846048,-72.81086,87,
2026-06-20T03:48:03.000Z,-39.848125,-72.808982,75,
2026-06-20T03:48:14.000Z,-39.849593,-72.807638,64,
2026-06-20T03:48:28.000Z,-39.851538,-72.806203,64,
2026-06-20T03:48:42.000Z,-39.853678,-72.805438,61,
2026-06-20T03:48:56.000Z,-39.855963,-72.804695,66,
2026-06-20T03:49:10.000Z,-39.858213,-72.80404,64,
2026-06-20T03:49:24.000Z,-39.860558,-72.803438,67,
2026-06-20T03:49:38.000Z,-39.862873,-72.802778,67,
2026-06-20T03:49:52.000Z,-39.86518,-72.802127,66,
2026-06-20T03:50:06.000Z,-39.86747,-72.801493,67,
2026-06-20T03:50:20.000Z,-39.869773,-72.800855,67,
2026-06-20T03:50:34.000Z,-39.872133,-72.800177,68,
2026-06-20T03:50:42.000Z,-39.873327,-72.799855,67,
2026-06-20T03:50:56.000Z,-39.875588,-72.799222,66,
2026-06-20T03:51:09.000Z,-39.877848,-72.79859,76,
2026-06-20T03:51:21.000Z,-39.880252,-72.797913,85,
2026-06-20T03:51:32.000Z,-39.882577,-72.797242,84,
2026-06-20T03:51:42.000Z,-39.884475,-72.796717,69,
2026-06-20T03:51:50.000Z,-39.8857,-72.796412,47,
2026-06-20T03:51:59.000Z,-39.886368,-72.796498,24,
2026-06-20T03:52:08.000Z,-39.886712,-72.796712,5,
2026-06-20T03:53:08.000Z,-39.886725,-72.796722,0,
2026-06-20T03:54:07.000Z,-39.886725,-72.796722,0,
2026-06-20T03:55:07.000Z,-39.886725,-72.796722,0,
2026-06-20T03:56:08.000Z,-39.886725,-72.796722,0,
2026-06-20T03:57:08.000Z,-39.886725,-72.796722,0,
2026-06-20T03:58:08.000Z,-39.886652,-72.7968,0,
2026-06-20T03:58:36.000Z,-39.886738,-72.796798,6,
2026-06-20T03:58:49.000Z,-39.887045,-72.796367,14,
2026-06-20T03:58:58.000Z,-39.887308,-72.79597,12,
2026-06-20T03:59:08.000Z,-39.887838,-72.795808,33,
2026-06-20T03:59:20.000Z,-39.889363,-72.795355,65,
2026-06-20T03:59:33.000Z,-39.891812,-72.794667,85,
2026-06-20T03:59:43.000Z,-39.893985,-72.794065,85,
2026-06-20T03:59:53.000Z,-39.896132,-72.793453,89,
